{
  "chapter": 1,
  "scene": 5,
  "sentence": 6,
  "word_count": 3,
  "duration_seconds": 1.0133333333333334,
  "generated_at": "2025-12-25T10:30:59.965627"
}