{
  "chapter": 1,
  "scene": 7,
  "sentence": 30,
  "word_count": 6,
  "duration_seconds": 1.6213333333333333,
  "generated_at": "2025-12-25T10:35:59.430045"
}