{
  "chapter": 1,
  "scene": 5,
  "sentence": 18,
  "word_count": 2,
  "duration_seconds": 1.2906666666666666,
  "generated_at": "2025-12-25T10:31:25.541321"
}