{
  "chapter": 1,
  "scene": 6,
  "sentence": 32,
  "word_count": 5,
  "duration_seconds": 2.037333333333333,
  "generated_at": "2025-12-25T10:33:05.271307"
}