{
  "chapter": 1,
  "scene": 6,
  "sentence": 16,
  "word_count": 1,
  "duration_seconds": 1.0666666666666667,
  "generated_at": "2025-12-25T10:32:18.519225"
}