{
  "chapter": 1,
  "scene": 6,
  "sentence": 20,
  "word_count": 3,
  "duration_seconds": 1.7173333333333334,
  "generated_at": "2025-12-25T10:32:26.180363"
}