{
  "chapter": 1,
  "scene": 6,
  "sentence": 25,
  "word_count": 8,
  "duration_seconds": 3.2426666666666666,
  "generated_at": "2025-12-25T10:32:45.492366"
}