{
  "chapter": 1,
  "scene": 5,
  "sentence": 16,
  "word_count": 13,
  "duration_seconds": 3.5733333333333333,
  "generated_at": "2025-12-25T10:31:21.540306"
}