{
  "chapter": 1,
  "scene": 5,
  "sentence": 23,
  "word_count": 9,
  "duration_seconds": 4.362666666666667,
  "generated_at": "2025-12-25T10:31:43.676408"
}