{
  "chapter": 1,
  "scene": 1,
  "sentence": 3,
  "word_count": 46,
  "duration_seconds": 17.981333333333332,
  "generated_at": "2025-12-25T10:27:29.416130"
}