{
  "chapter": 1,
  "scene": 7,
  "sentence": 1,
  "word_count": 4,
  "duration_seconds": 1.4293333333333333,
  "generated_at": "2025-12-25T10:34:34.398252"
}