{
  "chapter": 1,
  "scene": 7,
  "sentence": 27,
  "word_count": 15,
  "duration_seconds": 4.1706666666666665,
  "generated_at": "2025-12-25T10:35:52.506215"
}