{
  "chapter": 1,
  "scene": 3,
  "sentence": 6,
  "word_count": 1,
  "duration_seconds": 2.965333333333333,
  "generated_at": "2025-12-25T10:29:21.895162"
}