{
  "chapter": 1,
  "scene": 6,
  "sentence": 21,
  "word_count": 13,
  "duration_seconds": 4.8213333333333335,
  "generated_at": "2025-12-25T10:32:29.593348"
}