{
  "chapter": 1,
  "scene": 3,
  "sentence": 10,
  "word_count": 7,
  "duration_seconds": 3.3386666666666667,
  "generated_at": "2025-12-25T10:29:30.831214"
}