{
  "chapter": 1,
  "scene": 6,
  "sentence": 29,
  "word_count": 6,
  "duration_seconds": 3.8933333333333335,
  "generated_at": "2025-12-25T10:32:56.167123"
}