{
  "chapter": 1,
  "scene": 6,
  "sentence": 31,
  "word_count": 16,
  "duration_seconds": 6.538666666666667,
  "generated_at": "2025-12-25T10:33:03.791555"
}