{
  "chapter": 1,
  "scene": 4,
  "sentence": 12,
  "word_count": 7,
  "duration_seconds": 3.8506666666666667,
  "generated_at": "2025-12-25T10:30:18.985967"
}