{
  "chapter": 1,
  "scene": 4,
  "sentence": 2,
  "word_count": 20,
  "duration_seconds": 7.978666666666666,
  "generated_at": "2025-12-25T10:29:37.879590"
}