{
  "chapter": 1,
  "scene": 6,
  "sentence": 38,
  "word_count": 8,
  "duration_seconds": 4.085333333333334,
  "generated_at": "2025-12-25T10:33:20.505225"
}