{
  "chapter": 1,
  "scene": 4,
  "sentence": 13,
  "word_count": 14,
  "duration_seconds": 6.8693333333333335,
  "generated_at": "2025-12-25T10:30:23.813459"
}