{
  "chapter": 1,
  "scene": 5,
  "sentence": 8,
  "word_count": 14,
  "duration_seconds": 5.0986666666666665,
  "generated_at": "2025-12-25T10:31:04.434568"
}