{
  "chapter": 1,
  "scene": 6,
  "sentence": 49,
  "word_count": 7,
  "duration_seconds": 2.8266666666666667,
  "generated_at": "2025-12-25T10:33:53.017930"
}