{
  "chapter": 1,
  "scene": 7,
  "sentence": 18,
  "word_count": 15,
  "duration_seconds": 5.525333333333333,
  "generated_at": "2025-12-25T10:35:33.896853"
}