{
  "chapter": 1,
  "scene": 4,
  "sentence": 11,
  "word_count": 4,
  "duration_seconds": 1.4293333333333333,
  "generated_at": "2025-12-25T10:30:16.258007"
}