{
  "chapter": 1,
  "scene": 5,
  "sentence": 9,
  "word_count": 5,
  "duration_seconds": 1.5786666666666667,
  "generated_at": "2025-12-25T10:31:05.626395"
}