{
  "chapter": 1,
  "scene": 2,
  "sentence": 1,
  "word_count": 6,
  "duration_seconds": 2.7306666666666666,
  "generated_at": "2025-12-25T10:28:18.657246"
}