{
  "chapter": 1,
  "scene": 7,
  "sentence": 14,
  "word_count": 11,
  "duration_seconds": 5.706666666666667,
  "generated_at": "2025-12-25T10:35:17.536675"
}