{
  "chapter": 1,
  "scene": 4,
  "sentence": 3,
  "word_count": 12,
  "duration_seconds": 4.1706666666666665,
  "generated_at": "2025-12-25T10:29:40.789108"
}