{
  "chapter": 1,
  "scene": 4,
  "sentence": 6,
  "word_count": 20,
  "duration_seconds": 7.189333333333333,
  "generated_at": "2025-12-25T10:29:54.035421"
}