{
  "chapter": 1,
  "scene": 6,
  "sentence": 47,
  "word_count": 6,
  "duration_seconds": 1.7173333333333334,
  "generated_at": "2025-12-25T10:33:47.459843"
}