{
  "chapter": 1,
  "scene": 4,
  "sentence": 15,
  "word_count": 5,
  "duration_seconds": 1.9413333333333334,
  "generated_at": "2025-12-25T10:30:27.363871"
}