{
  "chapter": 1,
  "scene": 7,
  "sentence": 10,
  "word_count": 9,
  "duration_seconds": 4.085333333333334,
  "generated_at": "2025-12-25T10:34:59.447122"
}