{
  "chapter": 1,
  "scene": 1,
  "sentence": 15,
  "word_count": 7,
  "duration_seconds": 3.8933333333333335,
  "generated_at": "2025-12-25T10:28:08.312302"
}