{
  "chapter": 1,
  "scene": 6,
  "sentence": 54,
  "word_count": 9,
  "duration_seconds": 3.2426666666666666,
  "generated_at": "2025-12-25T10:34:06.436036"
}