{
  "chapter": 1,
  "scene": 7,
  "sentence": 20,
  "word_count": 5,
  "duration_seconds": 2.3146666666666667,
  "generated_at": "2025-12-25T10:35:39.136139"
}