{
  "chapter": 1,
  "scene": 7,
  "sentence": 33,
  "word_count": 7,
  "duration_seconds": 2.453333333333333,
  "generated_at": "2025-12-25T10:36:04.774849"
}