{
  "chapter": 1,
  "scene": 6,
  "sentence": 14,
  "word_count": 5,
  "duration_seconds": 1.9946666666666666,
  "generated_at": "2025-12-25T10:32:16.527855"
}