{
  "chapter": 1,
  "scene": 2,
  "sentence": 4,
  "word_count": 12,
  "duration_seconds": 5.610666666666667,
  "generated_at": "2025-12-25T10:28:32.625737"
}