{
  "chapter": 1,
  "scene": 1,
  "sentence": 5,
  "word_count": 11,
  "duration_seconds": 5.802666666666667,
  "generated_at": "2025-12-25T10:27:36.277315"
}