{
  "chapter": 1,
  "scene": 5,
  "sentence": 11,
  "word_count": 12,
  "duration_seconds": 3.0613333333333332,
  "generated_at": "2025-12-25T10:31:10.702435"
}