{
  "chapter": 1,
  "scene": 7,
  "sentence": 26,
  "word_count": 5,
  "duration_seconds": 1.7173333333333334,
  "generated_at": "2025-12-25T10:35:49.591045"
}