{
  "chapter": 1,
  "scene": 6,
  "sentence": 24,
  "word_count": 14,
  "duration_seconds": 5.237333333333333,
  "generated_at": "2025-12-25T10:32:40.087336"
}