{
  "chapter": 1,
  "scene": 4,
  "sentence": 9,
  "word_count": 26,
  "duration_seconds": 8.405333333333333,
  "generated_at": "2025-12-25T10:30:12.245066"
}