{
  "chapter": 1,
  "scene": 4,
  "sentence": 16,
  "word_count": 6,
  "duration_seconds": 2.3146666666666667,
  "generated_at": "2025-12-25T10:30:29.094170"
}