{
  "chapter": 1,
  "scene": 4,
  "sentence": 1,
  "word_count": 6,
  "duration_seconds": 2.1333333333333333,
  "generated_at": "2025-12-25T10:29:32.370994"
}