{
  "chapter": 1,
  "scene": 2,
  "sentence": 3,
  "word_count": 18,
  "duration_seconds": 7.381333333333333,
  "generated_at": "2025-12-25T10:28:28.619760"
}