{
  "chapter": 1,
  "scene": 6,
  "sentence": 2,
  "word_count": 7,
  "duration_seconds": 2.4106666666666667,
  "generated_at": "2025-12-25T10:31:48.329550"
}