{
  "chapter": 1,
  "scene": 6,
  "sentence": 45,
  "word_count": 22,
  "duration_seconds": 11.274666666666667,
  "generated_at": "2025-12-25T10:33:44.862013"
}