{
  "chapter": 1,
  "scene": 6,
  "sentence": 42,
  "word_count": 3,
  "duration_seconds": 2.453333333333333,
  "generated_at": "2025-12-25T10:33:28.693279"
}