{
  "chapter": 1,
  "scene": 1,
  "sentence": 2,
  "word_count": 5,
  "duration_seconds": 2.037333333333333,
  "generated_at": "2025-12-25T10:27:16.454574"
}