{
  "chapter": 1,
  "scene": 6,
  "sentence": 22,
  "word_count": 3,
  "duration_seconds": 2.037333333333333,
  "generated_at": "2025-12-25T10:32:31.113755"
}