{
  "chapter": 1,
  "scene": 2,
  "sentence": 13,
  "word_count": 6,
  "duration_seconds": 1.7173333333333334,
  "generated_at": "2025-12-25T10:28:49.086771"
}