{
  "chapter": 1,
  "scene": 6,
  "sentence": 57,
  "word_count": 10,
  "duration_seconds": 2.453333333333333,
  "generated_at": "2025-12-25T10:34:13.445930"
}