{
  "chapter": 1,
  "scene": 4,
  "sentence": 20,
  "word_count": 16,
  "duration_seconds": 5.802666666666667,
  "generated_at": "2025-12-25T10:30:43.728188"
}