{
  "chapter": 1,
  "scene": 4,
  "sentence": 14,
  "word_count": 8,
  "duration_seconds": 2.8693333333333335,
  "generated_at": "2025-12-25T10:30:25.876607"
}