{
  "chapter": 1,
  "scene": 7,
  "sentence": 22,
  "word_count": 6,
  "duration_seconds": 2.037333333333333,
  "generated_at": "2025-12-25T10:35:42.306722"
}