{
  "chapter": 1,
  "scene": 3,
  "sentence": 9,
  "word_count": 2,
  "duration_seconds": 1.6213333333333333,
  "generated_at": "2025-12-25T10:29:27.600913"
}