{
  "chapter": 1,
  "scene": 1,
  "sentence": 4,
  "word_count": 9,
  "duration_seconds": 3.8506666666666667,
  "generated_at": "2025-12-25T10:27:32.168756"
}