{
  "chapter": 1,
  "scene": 6,
  "sentence": 59,
  "word_count": 5,
  "duration_seconds": 2.7306666666666666,
  "generated_at": "2025-12-25T10:34:17.810724"
}