{
  "chapter": 1,
  "scene": 7,
  "sentence": 12,
  "word_count": 10,
  "duration_seconds": 2.037333333333333,
  "generated_at": "2025-12-25T10:35:07.538367"
}