{
  "chapter": 1,
  "scene": 7,
  "sentence": 15,
  "word_count": 21,
  "duration_seconds": 6.8693333333333335,
  "generated_at": "2025-12-25T10:35:22.366449"
}