{
  "chapter": 1,
  "scene": 6,
  "sentence": 46,
  "word_count": 3,
  "duration_seconds": 1.6213333333333333,
  "generated_at": "2025-12-25T10:33:46.084409"
}