{
  "chapter": 1,
  "scene": 5,
  "sentence": 24,
  "word_count": 6,
  "duration_seconds": 1.9413333333333334,
  "generated_at": "2025-12-25T10:31:45.080331"
}