{
  "chapter": 1,
  "scene": 6,
  "sentence": 41,
  "word_count": 1,
  "duration_seconds": 1.0133333333333334,
  "generated_at": "2025-12-25T10:33:26.946731"
}