{
  "chapter": 1,
  "scene": 3,
  "sentence": 2,
  "word_count": 5,
  "duration_seconds": 2.1333333333333333,
  "generated_at": "2025-12-25T10:29:08.942270"
}