{
  "chapter": 1,
  "scene": 1,
  "sentence": 18,
  "word_count": 2,
  "duration_seconds": 0.9706666666666667,
  "generated_at": "2025-12-25T10:28:16.692541"
}