{
  "chapter": 1,
  "scene": 7,
  "sentence": 3,
  "word_count": 7,
  "duration_seconds": 1.9413333333333334,
  "generated_at": "2025-12-25T10:34:39.282961"
}