{
  "chapter": 1,
  "scene": 6,
  "sentence": 15,
  "word_count": 1,
  "duration_seconds": 1.4826666666666666,
  "generated_at": "2025-12-25T10:32:17.656216"
}