{
  "chapter": 1,
  "scene": 3,
  "sentence": 7,
  "word_count": 10,
  "duration_seconds": 3.4346666666666668,
  "generated_at": "2025-12-25T10:29:24.591624"
}