{
  "chapter": 1,
  "scene": 7,
  "sentence": 8,
  "word_count": 5,
  "duration_seconds": 1.8026666666666666,
  "generated_at": "2025-12-25T10:34:55.264011"
}