{
  "chapter": 1,
  "scene": 6,
  "sentence": 17,
  "word_count": 2,
  "duration_seconds": 1.2906666666666666,
  "generated_at": "2025-12-25T10:32:19.517624"
}