{
  "chapter": 1,
  "scene": 6,
  "sentence": 1,
  "word_count": 7,
  "duration_seconds": 2.037333333333333,
  "generated_at": "2025-12-25T10:31:46.554593"
}