{
  "chapter": 1,
  "scene": 6,
  "sentence": 33,
  "word_count": 2,
  "duration_seconds": 1.4293333333333333,
  "generated_at": "2025-12-25T10:33:06.332991"
}