{
  "chapter": 1,
  "scene": 7,
  "sentence": 6,
  "word_count": 5,
  "duration_seconds": 1.9946666666666666,
  "generated_at": "2025-12-25T10:34:51.954283"
}