{
  "chapter": 1,
  "scene": 6,
  "sentence": 18,
  "word_count": 4,
  "duration_seconds": 1.9946666666666666,
  "generated_at": "2025-12-25T10:32:20.963206"
}