{
  "chapter": 1,
  "scene": 2,
  "sentence": 21,
  "word_count": 5,
  "duration_seconds": 1.6213333333333333,
  "generated_at": "2025-12-25T10:29:04.309254"
}