{
  "chapter": 1,
  "scene": 5,
  "sentence": 21,
  "word_count": 15,
  "duration_seconds": 6.965333333333334,
  "generated_at": "2025-12-25T10:31:36.577320"
}