{
  "chapter": 1,
  "scene": 5,
  "sentence": 17,
  "word_count": 8,
  "duration_seconds": 2.6453333333333333,
  "generated_at": "2025-12-25T10:31:24.248908"
}