{
  "chapter": 1,
  "scene": 1,
  "sentence": 8,
  "word_count": 7,
  "duration_seconds": 1.9946666666666666,
  "generated_at": "2025-12-25T10:27:42.268971"
}