{
  "chapter": 1,
  "scene": 1,
  "sentence": 7,
  "word_count": 7,
  "duration_seconds": 3.0613333333333332,
  "generated_at": "2025-12-25T10:27:40.802880"
}