{
  "chapter": 1,
  "scene": 6,
  "sentence": 62,
  "word_count": 11,
  "duration_seconds": 3.6586666666666665,
  "generated_at": "2025-12-25T10:34:26.329518"
}