{
  "chapter": 1,
  "scene": 3,
  "sentence": 5,
  "word_count": 4,
  "duration_seconds": 1.3866666666666667,
  "generated_at": "2025-12-25T10:29:19.471975"
}