{
  "chapter": 1,
  "scene": 6,
  "sentence": 4,
  "word_count": 4,
  "duration_seconds": 1.6213333333333333,
  "generated_at": "2025-12-25T10:31:55.626399"
}