{
  "chapter": 1,
  "scene": 7,
  "sentence": 19,
  "word_count": 11,
  "duration_seconds": 4.874666666666666,
  "generated_at": "2025-12-25T10:35:37.433171"
}