{
  "chapter": 1,
  "scene": 5,
  "sentence": 5,
  "word_count": 11,
  "duration_seconds": 3.477333333333333,
  "generated_at": "2025-12-25T10:30:59.195707"
}