{
  "chapter": 1,
  "scene": 5,
  "sentence": 20,
  "word_count": 8,
  "duration_seconds": 3.8933333333333335,
  "generated_at": "2025-12-25T10:31:31.664633"
}