{
  "chapter": 1,
  "scene": 4,
  "sentence": 5,
  "word_count": 18,
  "duration_seconds": 7.1466666666666665,
  "generated_at": "2025-12-25T10:29:48.950040"
}