{
  "chapter": 1,
  "scene": 2,
  "sentence": 10,
  "word_count": 9,
  "duration_seconds": 3.477333333333333,
  "generated_at": "2025-12-25T10:28:45.235853"
}