{
  "chapter": 1,
  "scene": 6,
  "sentence": 5,
  "word_count": 11,
  "duration_seconds": 3.989333333333333,
  "generated_at": "2025-12-25T10:31:59.078284"
}