{
  "chapter": 1,
  "scene": 2,
  "sentence": 6,
  "word_count": 4,
  "duration_seconds": 1.4826666666666666,
  "generated_at": "2025-12-25T10:28:34.747760"
}