{
  "chapter": 1,
  "scene": 3,
  "sentence": 4,
  "word_count": 25,
  "duration_seconds": 7.381333333333333,
  "generated_at": "2025-12-25T10:29:18.160557"
}