{
  "chapter": 1,
  "scene": 7,
  "sentence": 16,
  "word_count": 13,
  "duration_seconds": 6.357333333333333,
  "generated_at": "2025-12-25T10:35:26.790679"
}