{
  "chapter": 1,
  "scene": 7,
  "sentence": 31,
  "word_count": 6,
  "duration_seconds": 1.8986666666666667,
  "generated_at": "2025-12-25T10:36:00.867833"
}