{
  "chapter": 1,
  "scene": 1,
  "sentence": 10,
  "word_count": 15,
  "duration_seconds": 6.730666666666667,
  "generated_at": "2025-12-25T10:27:55.108758"
}