{
  "chapter": 1,
  "scene": 2,
  "sentence": 2,
  "word_count": 20,
  "duration_seconds": 6.826666666666667,
  "generated_at": "2025-12-25T10:28:23.413966"
}