{
  "chapter": 1,
  "scene": 6,
  "sentence": 58,
  "word_count": 9,
  "duration_seconds": 3.3386666666666667,
  "generated_at": "2025-12-25T10:34:15.880300"
}