{
  "chapter": 1,
  "scene": 5,
  "sentence": 3,
  "word_count": 5,
  "duration_seconds": 1.7173333333333334,
  "generated_at": "2025-12-25T10:30:55.892685"
}