{
  "chapter": 1,
  "scene": 3,
  "sentence": 1,
  "word_count": 6,
  "duration_seconds": 1.9946666666666666,
  "generated_at": "2025-12-25T10:29:07.392928"
}