{
  "chapter": 1,
  "scene": 5,
  "sentence": 22,
  "word_count": 17,
  "duration_seconds": 5.749333333333333,
  "generated_at": "2025-12-25T10:31:40.585431"
}