{
  "chapter": 1,
  "scene": 5,
  "sentence": 19,
  "word_count": 13,
  "duration_seconds": 4.501333333333333,
  "generated_at": "2025-12-25T10:31:28.859601"
}