{
  "chapter": 1,
  "scene": 6,
  "sentence": 51,
  "word_count": 9,
  "duration_seconds": 3.0613333333333332,
  "generated_at": "2025-12-25T10:33:56.902729"
}