{
  "chapter": 1,
  "scene": 2,
  "sentence": 5,
  "word_count": 2,
  "duration_seconds": 1.0133333333333334,
  "generated_at": "2025-12-25T10:28:33.426455"
}