{
  "chapter": 1,
  "scene": 6,
  "sentence": 12,
  "word_count": 4,
  "duration_seconds": 1.8026666666666666,
  "generated_at": "2025-12-25T10:32:13.803140"
}