{
  "chapter": 1,
  "scene": 2,
  "sentence": 18,
  "word_count": 5,
  "duration_seconds": 2.2186666666666666,
  "generated_at": "2025-12-25T10:28:56.738005"
}