{
  "chapter": 1,
  "scene": 6,
  "sentence": 30,
  "word_count": 10,
  "duration_seconds": 4.266666666666667,
  "generated_at": "2025-12-25T10:32:59.192304"
}