{
  "chapter": 1,
  "scene": 6,
  "sentence": 26,
  "word_count": 3,
  "duration_seconds": 1.4293333333333333,
  "generated_at": "2025-12-25T10:32:46.560042"
}