{
  "chapter": 1,
  "scene": 7,
  "sentence": 4,
  "word_count": 8,
  "duration_seconds": 3.7546666666666666,
  "generated_at": "2025-12-25T10:34:41.917392"
}