{
  "chapter": 1,
  "scene": 6,
  "sentence": 37,
  "word_count": 5,
  "duration_seconds": 2.506666666666667,
  "generated_at": "2025-12-25T10:33:17.226290"
}