{
  "chapter": 1,
  "scene": 5,
  "sentence": 13,
  "word_count": 1,
  "duration_seconds": 1.2053333333333334,
  "generated_at": "2025-12-25T10:31:13.287088"
}