{
  "chapter": 1,
  "scene": 3,
  "sentence": 8,
  "word_count": 2,
  "duration_seconds": 1.5253333333333334,
  "generated_at": "2025-12-25T10:29:26.001451"
}