{
  "chapter": 1,
  "scene": 6,
  "sentence": 7,
  "word_count": 8,
  "duration_seconds": 2.8266666666666667,
  "generated_at": "2025-12-25T10:32:04.438650"
}